id,timestamp,msg_origin,msg_content
1,2023-10-11 20:18:36,monitoring,Info: High air temperature recorded. Monitor crop health and adjust irrigation.
2,2023-09-10 20:18:36,user,Alert: Severe pest infestation detected in crop fields. Recommend pesticide application.
3,2023-12-07 20:18:36,system,Alert: Pest outbreak detected. Aerial pesticide application suggested.
4,2023-09-22 20:18:36,weather_station,Alert: Severe pest infestation detected in crop fields. Recommend pesticide application.
5,2024-01-27 20:18:36,monitoring,Update: Wind speeds exceeding safe limits. Secure loose structures and equipment.
6,2024-02-16 20:18:36,weather_station,Notice: Soil temperature is higher than usual. Monitor for potential crop stress.
7,2024-05-14 20:18:36,system,Update: Heavy rainfall expected this week. Flood risk in low-lying areas.
8,2023-10-16 20:18:36,weather_station,Notice: Soil temperature is higher than usual. Monitor for potential crop stress.
9,2024-04-20 20:18:36,weather_station,Update: Heavy rainfall expected this week. Flood risk in low-lying areas.
10,2023-11-20 20:18:36,system,Info: High air temperature recorded. Monitor crop health and adjust irrigation.
11,2023-10-24 20:18:36,system,Alert: Severe pest infestation detected in crop fields. Recommend pesticide application.
12,2024-02-08 20:18:36,monitoring,Warning: Increased risk of flooding due to recent heavy rains. Check drainage systems.
13,2023-12-06 20:18:36,pest_control,Warning: High risk of drought in the southern fields. Immediate irrigation required.
14,2024-08-02 20:18:36,monitoring,Notice: Soil temperature is higher than usual. Monitor for potential crop stress.
15,2024-03-20 20:18:36,monitoring,Info: Air moisture levels are lower than average. Consider additional watering.
16,2023-09-19 20:18:36,user,Notice: Soil moisture levels are critically low. Please check irrigation systems.
17,2024-07-03 20:18:36,user,Warning: High risk of drought in the southern fields. Immediate irrigation required.
18,2024-04-19 20:18:36,user,Alert: Pest outbreak detected. Aerial pesticide application suggested.
19,2023-11-14 20:18:36,pest_control,Update: Heavy rainfall expected this week. Flood risk in low-lying areas.
20,2023-09-06 20:18:36,system,Info: High air temperature recorded. Monitor crop health and adjust irrigation.
21,2023-09-03 20:18:36,system,Notice: Soil temperature is higher than usual. Monitor for potential crop stress.
22,2023-09-03 20:18:36,system,Alert: Severe pest infestation detected in crop fields. Recommend pesticide application.
23,2023-12-26 20:18:36,system,Alert: Severe pest infestation detected in crop fields. Recommend pesticide application.
24,2024-05-18 20:18:36,system,Notice: Soil moisture levels are critically low. Please check irrigation systems.
25,2023-10-28 20:18:36,weather_station,Alert: Pest outbreak detected. Aerial pesticide application suggested.
26,2024-02-10 20:18:36,monitoring,Info: Air moisture levels are lower than average. Consider additional watering.
27,2023-10-08 20:18:36,user,Info: High air temperature recorded. Monitor crop health and adjust irrigation.
28,2024-02-26 20:18:36,monitoring,Notice: Soil moisture levels are critically low. Please check irrigation systems.
29,2024-02-07 20:18:36,pest_control,Warning: High risk of drought in the southern fields. Immediate irrigation required.
30,2023-09-05 20:18:36,user,Warning: Increased risk of flooding due to recent heavy rains. Check drainage systems.
31,2024-01-03 20:18:36,monitoring,Warning: Increased risk of flooding due to recent heavy rains. Check drainage systems.
32,2024-07-13 20:18:36,system,Info: High air temperature recorded. Monitor crop health and adjust irrigation.
33,2024-04-18 20:18:36,user,Notice: Soil temperature is higher than usual. Monitor for potential crop stress.
34,2023-09-07 20:18:36,user,Warning: Increased risk of flooding due to recent heavy rains. Check drainage systems.
35,2024-03-18 20:18:36,system,Alert: Severe pest infestation detected in crop fields. Recommend pesticide application.
36,2023-11-14 20:18:36,user,Notice: Soil moisture levels are critically low. Please check irrigation systems.
37,2024-04-13 20:18:36,user,Update: Heavy rainfall expected this week. Flood risk in low-lying areas.
38,2023-11-06 20:18:36,user,Update: Wind speeds exceeding safe limits. Secure loose structures and equipment.
39,2024-06-23 20:18:36,monitoring,Notice: Soil temperature is higher than usual. Monitor for potential crop stress.
40,2024-05-06 20:18:36,pest_control,Alert: Pest outbreak detected. Aerial pesticide application suggested.
41,2024-08-08 20:18:36,user,Alert: Pest outbreak detected. Aerial pesticide application suggested.
42,2024-03-22 20:18:36,monitoring,Notice: Soil temperature is higher than usual. Monitor for potential crop stress.
43,2024-06-04 20:18:36,user,Alert: Pest outbreak detected. Aerial pesticide application suggested.
44,2023-09-20 20:18:36,monitoring,Notice: Soil moisture levels are critically low. Please check irrigation systems.
45,2023-10-28 20:18:36,system,Notice: Soil temperature is higher than usual. Monitor for potential crop stress.
46,2023-08-31 20:18:36,user,Update: Heavy rainfall expected this week. Flood risk in low-lying areas.
47,2024-06-17 20:18:36,system,Notice: Soil temperature is higher than usual. Monitor for potential crop stress.
48,2024-07-09 20:18:36,user,Alert: Severe pest infestation detected in crop fields. Recommend pesticide application.
49,2023-10-03 20:18:36,system,Info: High air temperature recorded. Monitor crop health and adjust irrigation.
50,2023-09-09 20:18:36,monitoring,Warning: High risk of drought in the southern fields. Immediate irrigation required.
51,2023-09-20 20:18:36,weather_station,Warning: Increased risk of flooding due to recent heavy rains. Check drainage systems.
52,2023-09-04 20:18:36,system,Alert: Severe pest infestation detected in crop fields. Recommend pesticide application.
53,2023-08-24 20:18:36,weather_station,Info: High air temperature recorded. Monitor crop health and adjust irrigation.
54,2023-11-18 20:18:36,pest_control,Notice: Soil temperature is higher than usual. Monitor for potential crop stress.
55,2023-09-22 20:18:36,weather_station,Notice: Soil moisture levels are critically low. Please check irrigation systems.
56,2024-03-20 20:18:36,pest_control,Notice: Soil temperature is higher than usual. Monitor for potential crop stress.
57,2024-08-07 20:18:36,system,Notice: Soil temperature is higher than usual. Monitor for potential crop stress.
58,2024-04-01 20:18:36,monitoring,Info: High air temperature recorded. Monitor crop health and adjust irrigation.
59,2023-11-18 20:18:36,pest_control,Notice: Soil temperature is higher than usual. Monitor for potential crop stress.
60,2024-02-12 20:18:36,weather_station,Alert: Severe pest infestation detected in crop fields. Recommend pesticide application.
61,2024-07-20 20:18:36,user,Warning: High risk of drought in the southern fields. Immediate irrigation required.
62,2024-05-30 20:18:36,monitoring,Info: High air temperature recorded. Monitor crop health and adjust irrigation.
63,2024-06-29 20:18:36,monitoring,Notice: Soil moisture levels are critically low. Please check irrigation systems.
64,2024-02-28 20:18:36,weather_station,Notice: Soil temperature is higher than usual. Monitor for potential crop stress.
65,2024-01-03 20:18:36,user,Update: Wind speeds exceeding safe limits. Secure loose structures and equipment.
66,2024-05-19 20:18:36,weather_station,Warning: High risk of drought in the southern fields. Immediate irrigation required.
67,2023-11-28 20:18:36,weather_station,Notice: Soil temperature is higher than usual. Monitor for potential crop stress.
68,2024-03-10 20:18:36,monitoring,Info: Air moisture levels are lower than average. Consider additional watering.
69,2024-02-27 20:18:36,monitoring,Info: High air temperature recorded. Monitor crop health and adjust irrigation.
70,2024-08-10 20:18:36,user,Update: Heavy rainfall expected this week. Flood risk in low-lying areas.
71,2023-12-13 20:18:36,weather_station,Warning: Increased risk of flooding due to recent heavy rains. Check drainage systems.
72,2023-10-16 20:18:36,pest_control,Update: Wind speeds exceeding safe limits. Secure loose structures and equipment.
73,2024-02-24 20:18:36,pest_control,Notice: Soil moisture levels are critically low. Please check irrigation systems.
74,2023-11-20 20:18:36,weather_station,Update: Wind speeds exceeding safe limits. Secure loose structures and equipment.
75,2023-12-06 20:18:36,monitoring,Update: Wind speeds exceeding safe limits. Secure loose structures and equipment.
76,2024-03-07 20:18:36,weather_station,Warning: Increased risk of flooding due to recent heavy rains. Check drainage systems.
77,2024-04-04 20:18:36,user,Info: High air temperature recorded. Monitor crop health and adjust irrigation.
78,2023-12-07 20:18:36,pest_control,Warning: High risk of drought in the southern fields. Immediate irrigation required.
79,2024-03-05 20:18:36,user,Alert: Pest outbreak detected. Aerial pesticide application suggested.
80,2023-10-30 20:18:36,pest_control,Notice: Soil temperature is higher than usual. Monitor for potential crop stress.
81,2024-07-12 20:18:36,monitoring,Warning: Increased risk of flooding due to recent heavy rains. Check drainage systems.
82,2023-12-13 20:18:36,weather_station,Notice: Soil temperature is higher than usual. Monitor for potential crop stress.
83,2023-09-04 20:18:36,weather_station,Update: Heavy rainfall expected this week. Flood risk in low-lying areas.
84,2024-01-26 20:18:36,system,Notice: Soil moisture levels are critically low. Please check irrigation systems.
85,2023-10-28 20:18:36,weather_station,Alert: Severe pest infestation detected in crop fields. Recommend pesticide application.
86,2024-02-23 20:18:36,system,Warning: Increased risk of flooding due to recent heavy rains. Check drainage systems.
87,2023-11-25 20:18:36,system,Notice: Soil temperature is higher than usual. Monitor for potential crop stress.
88,2024-04-17 20:18:36,user,Update: Wind speeds exceeding safe limits. Secure loose structures and equipment.
89,2023-12-19 20:18:36,pest_control,Alert: Severe pest infestation detected in crop fields. Recommend pesticide application.
90,2023-12-04 20:18:36,weather_station,Notice: Soil temperature is higher than usual. Monitor for potential crop stress.
91,2023-08-21 20:18:36,monitoring,Alert: Pest outbreak detected. Aerial pesticide application suggested.
92,2023-12-17 20:18:36,weather_station,Update: Heavy rainfall expected this week. Flood risk in low-lying areas.
93,2024-01-06 20:18:36,user,Notice: Soil moisture levels are critically low. Please check irrigation systems.
94,2023-10-11 20:18:36,monitoring,Notice: Soil moisture levels are critically low. Please check irrigation systems.
95,2024-03-14 20:18:36,pest_control,Alert: Pest outbreak detected. Aerial pesticide application suggested.
96,2024-04-02 20:18:36,monitoring,Warning: High risk of drought in the southern fields. Immediate irrigation required.
97,2024-04-29 20:18:36,weather_station,Info: Air moisture levels are lower than average. Consider additional watering.
98,2023-12-31 20:18:36,system,Notice: Soil temperature is higher than usual. Monitor for potential crop stress.
99,2023-11-19 20:18:36,user,Update: Heavy rainfall expected this week. Flood risk in low-lying areas.
100,2024-05-27 20:18:36,monitoring,Update: Heavy rainfall expected this week. Flood risk in low-lying areas.
